{"cameraMode":{"drawMode":0,"name":"Shaded","section":"Shading Mode"},"sceneLighting":true,"audioPlay":false,"sceneViewState":{"m_AlwaysRefresh":false,"showFog":true,"showSkybox":true,"showFlares":true,"showImageEffects":true,"showParticleSystems":true,"showVisualEffectGraphs":true,"m_FxEnabled":true},"in2DMode":false,"pivot":{"x":297.9928283691406,"y":344.44842529296877,"z":1177.636962890625},"rotation":{"x":0.02099780924618244,"y":-0.005998481996357441,"z":0.00012654509919229895,"w":0.9997571110725403},"size":1057.4144287109375,"orthographic":false}